department,parentMinistry,category
Ministry of Social and Family Development ,Ministry of Social and Family Development,Social and Family Development
Hindu Advisory Board,"Ministry of Culture, Community and Youth ",Culture and Community
Hindu Endowments Board,"Ministry of Culture, Community and Youth ",Culture and Community
Majlis Ugama Islam Singapura,"Ministry of Culture, Community and Youth ",Culture and Community
National Council of Social Service,Ministry of Social and Family Development,Social and Family Development
People's Association,"Ministry of Culture, Community and Youth ","Culture, Community and Youth"
Sikh Advisory Board,"Ministry of Culture, Community and Youth ",Culture and Community
Ministry of Defence ,Ministry of Defence ,Defence
Defence Science and Technology Agency ,Ministry of Defence ,Defence
Ministry of Education ,Ministry of Education ,Education
ISEAS – Yusof Ishak Institute,Ministry of Education ,Education
Institute of Technical Education,Ministry of Education ,Institute of Higher Learning
Nanyang Polytechnic,Ministry of Education ,Institute of Higher Learning
Ngee Ann Polytechnic,Ministry of Education ,Institute of Higher Learning
Republic Polytechnic,Ministry of Education ,Institute of Higher Learning
Science Centre Board,Ministry of Education ,Education
Singapore Examinations and Assessment Board,Ministry of Education ,Education
Singapore Polytechnic,Ministry of Education ,Institute of Higher Learning
Temasek Polytechnic,Ministry of Education ,Institute of Higher Learning
Skillsfuture Singapore,Ministry of Education ,Education
NATIONAL JUNIOR COLLEGE,Ministry of Education ,Education
TEMASEK JUNIOR COLLEGE,Ministry of Education ,Education
JURONG JUNIOR COLLEGE,Ministry of Education ,Education
ANDERSON JUNIOR COLLEGE,Ministry of Education ,Education
VICTORIA JUNIOR COLLEGE,Ministry of Education ,Education
YISHUN JUNIOR COLLEGE,Ministry of Education ,Education
TAMPINES JUNIOR COLLEGE,Ministry of Education ,Education
SERANGOON JUNIOR COLLEGE,Ministry of Education ,Education
PIONEER JUNIOR COLLEGE,Ministry of Education ,Education
MERIDIAN JUNIOR COLLEGE,Ministry of Education ,Education
INNOVA JUNIOR COLLEGE,Ministry of Education ,Education
EUNOIA JUNIOR COLLEGE,Ministry of Education ,Education
CATHOLIC JUNIOR COLLEGE,Ministry of Education ,Education
ANGLO-CHINESE JUNIOR COLLEGE,Ministry of Education ,Education
ST. ANDREW'S JUNIOR COLLEGE,Ministry of Education ,Education
NANYANG JUNIOR COLLEGE,Ministry of Education ,Education
HWA CHONG INSTITUTION,Ministry of Education ,Education
MILLENNIA INSTITUTE,Ministry of Education ,Education
BUKIT PANJANG PRIMARY SCHOOL,Ministry of Education ,Education
HAIG GIRLS' SCHOOL,Ministry of Education ,Education
TECK WHYE PRIMARY SCHOOL,Ministry of Education ,Education
JURONG PRIMARY SCHOOL,Ministry of Education ,Education
QUEENSTOWN PRIMARY SCHOOL,Ministry of Education ,Education
RADIN MAS PRIMARY SCHOOL,Ministry of Education ,Education
RAFFLES GIRLS' PRIMARY SCHOOL,Ministry of Education ,Education
ROSYTH SCHOOL,Ministry of Education ,Education
DAMAI PRIMARY SCHOOL,Ministry of Education ,Education
FUHUA PRIMARY SCHOOL,Ministry of Education ,Education
WOODLANDS PRIMARY SCHOOL,Ministry of Education ,Education
EUNOS PRIMARY SCHOOL,Ministry of Education ,Education
HENRY PARK PRIMARY SCHOOL,Ministry of Education ,Education
BENDEMEER PRIMARY SCHOOL,Ministry of Education ,Education
CORPORATION PRIMARY SCHOOL,Ministry of Education ,Education
YIO CHU KANG PRIMARY SCHOOL,Ministry of Education ,Education
BLANGAH RISE PRIMARY SCHOOL,Ministry of Education ,Education
ANG MO KIO PRIMARY SCHOOL,Ministry of Education ,Education
MAYFLOWER PRIMARY SCHOOL,Ministry of Education ,Education
TECK GHEE PRIMARY SCHOOL,Ministry of Education ,Education
TEMASEK PRIMARY SCHOOL,Ministry of Education ,Education
SI LING PRIMARY SCHOOL,Ministry of Education ,Education
JING SHAN PRIMARY SCHOOL,Ministry of Education ,Education
DA QIAO PRIMARY SCHOOL,Ministry of Education ,Education
YISHUN PRIMARY SCHOOL,Ministry of Education ,Education
STAMFORD PRIMARY SCHOOL,Ministry of Education ,Education
FERNVALE PRIMARY SCHOOL,Ministry of Education ,Education
EAST COAST PRIMARY SCHOOL,Ministry of Education ,Education
TOWNSVILLE PRIMARY SCHOOL,Ministry of Education ,Education
RULANG PRIMARY SCHOOL,Ministry of Education ,Education
QIFA PRIMARY SCHOOL,Ministry of Education ,Education
ZHANGDE PRIMARY SCHOOL,Ministry of Education ,Education
TAMPINES PRIMARY SCHOOL,Ministry of Education ,Education
CHONGZHENG PRIMARY SCHOOL,Ministry of Education ,Education
XINGHUA PRIMARY SCHOOL,Ministry of Education ,Education
JIEMIN PRIMARY SCHOOL,Ministry of Education ,Education
FUCHUN PRIMARY SCHOOL,Ministry of Education ,Education
BUKIT VIEW PRIMARY SCHOOL,Ministry of Education ,Education
CEDAR PRIMARY SCHOOL,Ministry of Education ,Education
OPERA ESTATE PRIMARY SCHOOL,Ministry of Education ,Education
RIVER VALLEY PRIMARY SCHOOL,Ministry of Education ,Education
TELOK KURAU PRIMARY SCHOOL,Ministry of Education ,Education
YUMIN PRIMARY SCHOOL,Ministry of Education ,Education
SHUQUN PRIMARY SCHOOL,Ministry of Education ,Education
GAN ENG SENG PRIMARY SCHOOL,Ministry of Education ,Education
GONGSHANG PRIMARY SCHOOL,Ministry of Education ,Education
HUAMIN PRIMARY SCHOOL,Ministry of Education ,Education
XISHAN PRIMARY SCHOOL,Ministry of Education ,Education
PRINCESS ELIZABETH PRIMARY SCHOOL,Ministry of Education ,Education
DAZHONG PRIMARY SCHOOL,Ministry of Education ,Education
BEDOK GREEN PRIMARY SCHOOL,Ministry of Education ,Education
LIANHUA PRIMARY SCHOOL,Ministry of Education ,Education
BALESTIER HILL PRIMARY SCHOOL,Ministry of Education ,Education
ZHONGHUA PRIMARY SCHOOL,Ministry of Education ,Education
PEIYING PRIMARY SCHOOL,Ministry of Education ,Education
EAST VIEW PRIMARY SCHOOL,Ministry of Education ,Education
KEMING PRIMARY SCHOOL,Ministry of Education ,Education
CHANGKAT PRIMARY SCHOOL,Ministry of Education ,Education
ZHENGHUA PRIMARY SCHOOL,Ministry of Education ,Education
SOUTH VIEW PRIMARY SCHOOL,Ministry of Education ,Education
LOYANG PRIMARY SCHOOL,Ministry of Education ,Education
PASIR RIS PRIMARY SCHOOL,Ministry of Education ,Education
CHUA CHU KANG PRIMARY SCHOOL,Ministry of Education ,Education
GREENRIDGE PRIMARY SCHOOL,Ministry of Education ,Education
FARRER PARK PRIMARY SCHOOL,Ministry of Education ,Education
BUKIT TIMAH PRIMARY SCHOOL,Ministry of Education ,Education
LAKESIDE PRIMARY SCHOOL,Ministry of Education ,Education
BEACON PRIMARY SCHOOL,Ministry of Education ,Education
INNOVA PRIMARY SCHOOL,Ministry of Education ,Education
GREENDALE PRIMARY SCHOOL,Ministry of Education ,Education
ENDEAVOUR PRIMARY SCHOOL,Ministry of Education ,Education
NORTH VISTA PRIMARY SCHOOL,Ministry of Education ,Education
ANCHOR GREEN PRIMARY SCHOOL,Ministry of Education ,Education
HORIZON PRIMARY SCHOOL,Ministry of Education ,Education
CANTONMENT PRIMARY SCHOOL,Ministry of Education ,Education
FRONTIER PRIMARY SCHOOL,Ministry of Education ,Education
WESTWOOD PRIMARY SCHOOL,Ministry of Education ,Education
PUNGGOL GREEN PRIMARY SCHOOL,Ministry of Education ,Education
PUNGGOL VIEW PRIMARY SCHOOL,Ministry of Education ,Education
SENGKANG GREEN PRIMARY SCHOOL,Ministry of Education ,Education
SPRINGDALE PRIMARY SCHOOL,Ministry of Education ,Education
PALM VIEW PRIMARY SCHOOL,Ministry of Education ,Education
RIVERSIDE PRIMARY SCHOOL,Ministry of Education ,Education
WEST SPRING PRIMARY SCHOOL,Ministry of Education ,Education
ALEXANDRA PRIMARY SCHOOL,Ministry of Education ,Education
NORTHOAKS PRIMARY SCHOOL,Ministry of Education ,Education
ANGSANA PRIMARY SCHOOL,Ministry of Education ,Education
PUNGGOL COVE PRIMARY SCHOOL,Ministry of Education ,Education
OASIS PRIMARY SCHOOL,Ministry of Education ,Education
WATERWAY PRIMARY SCHOOL,Ministry of Education ,Education
FERN GREEN PRIMARY SCHOOL,Ministry of Education ,Education
FIRST TOA PAYOH PRIMARY SCHOOL,Ministry of Education ,Education
MACPHERSON PRIMARY SCHOOL,Ministry of Education ,Education
NEW TOWN PRIMARY SCHOOL,Ministry of Education ,Education
BOON LAY GARDEN PRIMARY SCHOOL,Ministry of Education ,Education
MARSILING PRIMARY SCHOOL,Ministry of Education ,Education
PEI TONG PRIMARY SCHOOL,Ministry of Education ,Education
YUHUA PRIMARY SCHOOL,Ministry of Education ,Education
FENGSHAN PRIMARY SCHOOL,Ministry of Education ,Education
YU NENG PRIMARY SCHOOL,Ministry of Education ,Education
XINMIN PRIMARY SCHOOL,Ministry of Education ,Education
YANGZHENG PRIMARY SCHOOL,Ministry of Education ,Education
JUYING PRIMARY SCHOOL,Ministry of Education ,Education
JUNYUAN PRIMARY SCHOOL,Ministry of Education ,Education
NORTHLAND PRIMARY SCHOOL,Ministry of Education ,Education
NAVAL BASE PRIMARY SCHOOL,Ministry of Education ,Education
XINGNAN PRIMARY SCHOOL,Ministry of Education ,Education
QIHUA PRIMARY SCHOOL,Ministry of Education ,Education
GUANGYANG PRIMARY SCHOOL,Ministry of Education ,Education
TAMPINES NORTH PRIMARY SCHOOL,Ministry of Education ,Education
ELIAS PARK PRIMARY SCHOOL,Ministry of Education ,Education
AHMAD IBRAHIM PRIMARY SCHOOL,Ministry of Education ,Education
NORTH VIEW PRIMARY SCHOOL,Ministry of Education ,Education
PIONEER PRIMARY SCHOOL,Ministry of Education ,Education
PUNGGOL PRIMARY SCHOOL,Ministry of Education ,Education
PARK VIEW PRIMARY SCHOOL,Ministry of Education ,Education
ADMIRALTY PRIMARY SCHOOL,Ministry of Education ,Education
KRANJI PRIMARY SCHOOL,Ministry of Education ,Education
SENG KANG PRIMARY SCHOOL,Ministry of Education ,Education
WOODLANDS RING PRIMARY SCHOOL,Ministry of Education ,Education
WEST VIEW PRIMARY SCHOOL,Ministry of Education ,Education
WHITE SANDS PRIMARY SCHOOL,Ministry of Education ,Education
UNITY PRIMARY SCHOOL,Ministry of Education ,Education
CANBERRA PRIMARY SCHOOL,Ministry of Education ,Education
RIVERVALE PRIMARY SCHOOL,Ministry of Education ,Education
JURONG WEST PRIMARY SCHOOL,Ministry of Education ,Education
CORAL PRIMARY SCHOOL,Ministry of Education ,Education
EAST SPRING PRIMARY SCHOOL,Ministry of Education ,Education
EVERGREEN PRIMARY SCHOOL,Ministry of Education ,Education
COMPASSVALE PRIMARY SCHOOL,Ministry of Education ,Education
WOODGROVE PRIMARY SCHOOL,Ministry of Education ,Education
SEMBAWANG PRIMARY SCHOOL,Ministry of Education ,Education
CONCORD PRIMARY SCHOOL,Ministry of Education ,Education
NORTH SPRING PRIMARY SCHOOL,Ministry of Education ,Education
YEW TEE PRIMARY SCHOOL,Ministry of Education ,Education
HOUGANG PRIMARY SCHOOL,Ministry of Education ,Education
MERIDIAN PRIMARY SCHOOL,Ministry of Education ,Education
GREENWOOD PRIMARY SCHOOL,Ministry of Education ,Education
ANDERSON PRIMARY SCHOOL,Ministry of Education ,Education
WELLINGTON PRIMARY SCHOOL,Ministry of Education ,Education
EDGEFIELD PRIMARY SCHOOL,Ministry of Education ,Education
WEST GROVE PRIMARY SCHOOL,Ministry of Education ,Education
CASUARINA PRIMARY SCHOOL,Ministry of Education ,Education
CLEMENTI PRIMARY SCHOOL,Ministry of Education ,Education
TANJONG KATONG PRIMARY SCHOOL,Ministry of Education ,Education
ANDERSON SECONDARY SCHOOL,Ministry of Education ,Education
BARTLEY SECONDARY SCHOOL,Ministry of Education ,Education
BEATTY SECONDARY SCHOOL,Ministry of Education ,Education
CEDAR GIRLS' SECONDARY SCHOOL,Ministry of Education ,Education
CRESCENT GIRLS' SCHOOL,Ministry of Education ,Education
GAN ENG SENG SCHOOL,Ministry of Education ,Education
QUEENSWAY SECONDARY SCHOOL,Ministry of Education ,Education
RAFFLES GIRLS' SCHOOL (SECONDARY),Ministry of Education ,Education
RAFFLES INSTITUTION,Ministry of Education ,Education
SERANGOON SECONDARY SCHOOL,Ministry of Education ,Education
COMMONWEALTH SECONDARY SCHOOL,Ministry of Education ,Education
TANJONG KATONG GIRLS' SCHOOL,Ministry of Education ,Education
VICTORIA SCHOOL,Ministry of Education ,Education
WHITLEY SECONDARY SCHOOL,Ministry of Education ,Education
YUHUA SECONDARY SCHOOL,Ministry of Education ,Education
YISHUN SECONDARY SCHOOL,Ministry of Education ,Education
BENDEMEER SECONDARY SCHOOL,Ministry of Education ,Education
FUCHUN SECONDARY SCHOOL,Ministry of Education ,Education
ANG MO KIO SECONDARY SCHOOL,Ministry of Education ,Education
BEDOK SOUTH SECONDARY SCHOOL,Ministry of Education ,Education
CLEMENTI TOWN SECONDARY SCHOOL,Ministry of Education ,Education
TEMASEK SECONDARY SCHOOL,Ministry of Education ,Education
MAYFLOWER SECONDARY SCHOOL,Ministry of Education ,Education
TAMPINES SECONDARY SCHOOL,Ministry of Education ,Education
BUKIT VIEW SECONDARY SCHOOL,Ministry of Education ,Education
WOODLANDS SECONDARY SCHOOL,Ministry of Education ,Education
BOWEN SECONDARY SCHOOL,Ministry of Education ,Education
BUKIT BATOK SECONDARY SCHOOL,Ministry of Education ,Education
YISHUN TOWN SECONDARY SCHOOL,Ministry of Education ,Education
HOUGANG SECONDARY SCHOOL,Ministry of Education ,Education
NAN HUA HIGH SCHOOL,Ministry of Education ,Education
HILLGROVE SECONDARY SCHOOL,Ministry of Education ,Education
XINMIN SECONDARY SCHOOL,Ministry of Education ,Education
GREENRIDGE SECONDARY SCHOOL,Ministry of Education ,Education
SPRINGFIELD SECONDARY SCHOOL,Ministry of Education ,Education
CHUA CHU KANG SECONDARY SCHOOL,Ministry of Education ,Education
DAMAI SECONDARY SCHOOL,Ministry of Education ,Education
NORTHLAND SECONDARY SCHOOL,Ministry of Education ,Education
HONG KAH SECONDARY SCHOOL,Ministry of Education ,Education
PEIRCE SECONDARY SCHOOL,Ministry of Education ,Education
JURONGVILLE SECONDARY SCHOOL,Ministry of Education ,Education
FAJAR SECONDARY SCHOOL,Ministry of Education ,Education
KRANJI SECONDARY SCHOOL,Ministry of Education ,Education
JUYING SECONDARY SCHOOL,Ministry of Education ,Education
WEST SPRING SECONDARY SCHOOL,Ministry of Education ,Education
JURONG WEST SECONDARY SCHOOL,Ministry of Education ,Education
BEDOK GREEN SECONDARY SCHOOL,Ministry of Education ,Education
PUNGGOL SECONDARY SCHOOL,Ministry of Education ,Education
NORTH VISTA SECONDARY SCHOOL,Ministry of Education ,Education
ADMIRALTY SECONDARY SCHOOL,Ministry of Education ,Education
PEI HWA SECONDARY SCHOOL,Ministry of Education ,Education
GREENDALE SECONDARY SCHOOL,Ministry of Education ,Education
EDGEFIELD SECONDARY SCHOOL,Ministry of Education ,Education
MERIDIAN SECONDARY SCHOOL,Ministry of Education ,Education
LOYANG VIEW SECONDARY SCHOOL,Ministry of Education ,Education
DUNMAN HIGH SCHOOL,Ministry of Education ,Education
RIVER VALLEY HIGH SCHOOL,Ministry of Education ,Education
AHMAD IBRAHIM SECONDARY SCHOOL,Ministry of Education ,Education
BROADRICK SECONDARY SCHOOL,Ministry of Education ,Education
BUKIT MERAH SECONDARY SCHOOL,Ministry of Education ,Education
BUKIT PANJANG GOVT. HIGH SCHOOL,Ministry of Education ,Education
DUNMAN SECONDARY SCHOOL,Ministry of Education ,Education
JURONG SECONDARY SCHOOL,Ministry of Education ,Education
NAVAL BASE SECONDARY SCHOOL,Ministry of Education ,Education
OUTRAM SECONDARY SCHOOL,Ministry of Education ,Education
YIO CHU KANG SECONDARY SCHOOL,Ministry of Education ,Education
YUAN CHING SECONDARY SCHOOL,Ministry of Education ,Education
BOON LAY SECONDARY SCHOOL,Ministry of Education ,Education
BEDOK VIEW SECONDARY SCHOOL,Ministry of Education ,Education
HUA YI SECONDARY SCHOOL,Ministry of Education ,Education
DEYI SECONDARY SCHOOL,Ministry of Education ,Education
PING YI SECONDARY SCHOOL,Ministry of Education ,Education
PEICAI SECONDARY SCHOOL,Ministry of Education ,Education
SHUQUN SECONDARY SCHOOL,Ministry of Education ,Education
PASIR RIS SECONDARY SCHOOL,Ministry of Education ,Education
EAST VIEW SECONDARY SCHOOL,Ministry of Education ,Education
GUANGYANG SECONDARY SCHOOL,Ministry of Education ,Education
RIVERSIDE SECONDARY SCHOOL,Ministry of Education ,Education
ZHONGHUA SECONDARY SCHOOL,Ministry of Education ,Education
SWISS COTTAGE SECONDARY SCHOOL,Ministry of Education ,Education
YUSOF ISHAK SECONDARY SCHOOL,Ministry of Education ,Education
CHANGKAT CHANGI SECONDARY SCHOOL,Ministry of Education ,Education
TECK WHYE SECONDARY SCHOOL,Ministry of Education ,Education
DUNEARN SECONDARY SCHOOL,Ministry of Education ,Education
NEW TOWN SECONDARY SCHOOL,Ministry of Education ,Education
QUEENSTOWN SECONDARY SCHOOL,Ministry of Education ,Education
SERANGOON GARDEN SECONDARY SCHOOL,Ministry of Education ,Education
TANGLIN SECONDARY SCHOOL,Ministry of Education ,Education
TANJONG KATONG SECONDARY SCHOOL,Ministry of Education ,Education
WOODLANDS RING SECONDARY SCHOOL,Ministry of Education ,Education
ORCHID PARK SECONDARY SCHOOL,Ministry of Education ,Education
SEMBAWANG SECONDARY SCHOOL,Ministry of Education ,Education
SENG KANG SECONDARY SCHOOL,Ministry of Education ,Education
JUNYUAN SECONDARY SCHOOL,Ministry of Education ,Education
EAST SPRING SECONDARY SCHOOL,Ministry of Education ,Education
UNITY SECONDARY SCHOOL,Ministry of Education ,Education
NORTHBROOKS SECONDARY SCHOOL,Ministry of Education ,Education
PASIR RIS CREST SECONDARY SCHOOL,Ministry of Education ,Education
FUHUA SECONDARY SCHOOL,Ministry of Education ,Education
MARSILING SECONDARY SCHOOL,Ministry of Education ,Education
WOODGROVE SECONDARY SCHOOL,Ministry of Education ,Education
ZHENGHUA SECONDARY SCHOOL,Ministry of Education ,Education
REGENT SECONDARY SCHOOL,Ministry of Education ,Education
KENT RIDGE SECONDARY SCHOOL,Ministry of Education ,Education
WESTWOOD SECONDARY SCHOOL,Ministry of Education ,Education
CANBERRA SECONDARY SCHOOL,Ministry of Education ,Education
COMPASSVALE SECONDARY SCHOOL,Ministry of Education ,Education
EVERGREEN SECONDARY SCHOOL,Ministry of Education ,Education
ANGLO-CHINESE SCHOOL (JUNIOR),Ministry of Education ,Education
CANOSSA CONVENT PRIMARY SCHOOL,Ministry of Education ,Education
CHIJ PRIMARY (TOA PAYOH),Ministry of Education ,Education
CHIJ (KELLOCK),Ministry of Education ,Education
CHIJ OUR LADY OF THE NATIVITY,Ministry of Education ,Education
DE LA SALLE SCHOOL,Ministry of Education ,Education
ST. ANDREW'S JUNIOR SCHOOL,Ministry of Education ,Education
ST. ANTHONY'S CANOSSIAN PRIMARY SCHOOL,Ministry of Education ,Education
ST. GABRIEL'S PRIMARY SCHOOL,Ministry of Education ,Education
ST. MARGARET'S PRIMARY SCHOOL,Ministry of Education ,Education
ST. JOSEPH'S INSTITUTION JUNIOR,Ministry of Education ,Education
ST. STEPHEN'S SCHOOL,Ministry of Education ,Education
CHIJ OUR LADY OF GOOD COUNSEL,Ministry of Education ,Education
MONTFORT JUNIOR SCHOOL,Ministry of Education ,Education
CHIJ OUR LADY QUEEN OF PEACE,Ministry of Education ,Education
FAIRFIELD METHODIST SCHOOL (PRIMARY),Ministry of Education ,Education
GEYLANG METHODIST SCHOOL (PRIMARY),Ministry of Education ,Education
KUO CHUAN PRESBYTERIAN PRIMARY SCHOOL,Ministry of Education ,Education
ST. HILDA'S PRIMARY SCHOOL,Ministry of Education ,Education
SINGAPORE CHINESE GIRLS' PRIMARY SCHOOL,Ministry of Education ,Education
METHODIST GIRLS' SCHOOL,Ministry of Education ,Education
NAN CHIAU PRIMARY SCHOOL,Ministry of Education ,Education
KONG HWA SCHOOL,Ministry of Education ,Education
MEE TOH SCHOOL,Ministry of Education ,Education
NGEE ANN PRIMARY SCHOOL,Ministry of Education ,Education
RED SWASTIKA SCHOOL,Ministry of Education ,Education
TAO NAN SCHOOL,Ministry of Education ,Education
NANYANG PRIMARY SCHOOL,Ministry of Education ,Education
ST. ANTHONY'S PRIMARY SCHOOL,Ministry of Education ,Education
MAHA BODHI SCHOOL,Ministry of Education ,Education
PEI CHUN PUBLIC SCHOOL,Ministry of Education ,Education
POI CHING SCHOOL,Ministry of Education ,Education
KHENG CHENG SCHOOL,Ministry of Education ,Education
NAN HUA PRIMARY SCHOOL,Ministry of Education ,Education
PEI HWA PRESBYTERIAN PRIMARY SCHOOL,Ministry of Education ,Education
AI TONG SCHOOL,Ministry of Education ,Education
HONG WEN SCHOOL,Ministry of Education ,Education
HOLY INNOCENTS' PRIMARY SCHOOL,Ministry of Education ,Education
PAYA LEBAR METHODIST GIRLS' SCHOOL (PRIMARY),Ministry of Education ,Education
CHONGFU SCHOOL,Ministry of Education ,Education
CHIJ (KATONG) PRIMARY,Ministry of Education ,Education
ANGLO-CHINESE SCHOOL (PRIMARY),Ministry of Education ,Education
ANGLO-CHINESE SCHOOL (INDEPENDENT),Ministry of Education ,Education
ASSUMPTION ENGLISH SCHOOL,Ministry of Education ,Education
CHIJ SECONDARY (TOA PAYOH),Ministry of Education ,Education
GEYLANG METHODIST SCHOOL (SECONDARY),Ministry of Education ,Education
CHIJ KATONG CONVENT,Ministry of Education ,Education
MONTFORT SECONDARY SCHOOL,Ministry of Education ,Education
SINGAPORE CHINESE GIRLS' SCHOOL,Ministry of Education ,Education
ST. ANDREW'S SECONDARY SCHOOL,Ministry of Education ,Education
ST. ANTHONY'S CANOSSIAN SECONDARY SCHOOL,Ministry of Education ,Education
ST. GABRIEL'S SECONDARY SCHOOL,Ministry of Education ,Education
CHIJ ST. JOSEPH'S CONVENT,Ministry of Education ,Education
ST. JOSEPH'S INSTITUTION,Ministry of Education ,Education
ST. MARGARET'S SECONDARY SCHOOL,Ministry of Education ,Education
ST. PATRICK'S SCHOOL,Ministry of Education ,Education
CHIJ ST. THERESA'S CONVENT,Ministry of Education ,Education
CHRIST CHURCH SECONDARY SCHOOL,Ministry of Education ,Education
PAYA LEBAR METHODIST GIRLS' SCHOOL,Ministry of Education ,Education
YUYING SECONDARY SCHOOL,Ministry of Education ,Education
KUO CHUAN PRESBYTERIAN SECONDARY SCHOOL,Ministry of Education ,Education
ST. HILDA'S SECONDARY SCHOOL,Ministry of Education ,Education
HAI SING CATHOLIC SCHOOL,Ministry of Education ,Education
ANGLO-CHINESE SCHOOL (BARKER ROAD),Ministry of Education ,Education
ANGLICAN HIGH SCHOOL,Ministry of Education ,Education
CATHOLIC HIGH SCHOOL,Ministry of Education ,Education
CHUNG CHENG HIGH SCHOOL (MAIN),Ministry of Education ,Education
CHUNG CHENG HIGH SCHOOL (YISHUN),Ministry of Education ,Education
HOLY INNOCENTS' HIGH SCHOOL,Ministry of Education ,Education
MARIS STELLA HIGH SCHOOL,Ministry of Education ,Education
NAN CHIAU HIGH SCHOOL,Ministry of Education ,Education
NANYANG GIRLS' HIGH SCHOOL,Ministry of Education ,Education
CHIJ ST. NICHOLAS GIRLS' SCHOOL,Ministry of Education ,Education
MARYMOUNT CONVENT SCHOOL,Ministry of Education ,Education
MANJUSRI SECONDARY SCHOOL,Ministry of Education ,Education
PRESBYTERIAN HIGH SCHOOL,Ministry of Education ,Education
FAIRFIELD METHODIST SCHOOL (SECONDARY),Ministry of Education ,Education
NGEE ANN SECONDARY SCHOOL,Ministry of Education ,Education
SINGAPORE SPORTS SCHOOL,Ministry of Education ,Education
NUS HIGH SCHOOL OF MATHEMATICS AND SCIENCE,Ministry of Education ,Education
SCHOOL OF THE ARTS SINGAPORE,Ministry of Education ,Education
NORTHLIGHT SCHOOL,Ministry of Education ,Education
ASSUMPTION PATHWAY SCHOOL,Ministry of Education ,Education
SCHOOL OF SCIENCE AND TECHNOLOGY SINGAPORE,Ministry of Education ,Education
CREST SECONDARY SCHOOL,Ministry of Education ,Education
SPECTRA SECONDARY SCHOOL,Ministry of Education ,Education
NANYANG TECHNOLOGIAL UNIVERSITY,Ministry of Education ,Institute of Higher Learning
NATIONAL UNIVERSITY OF SINGAPORE,Ministry of Education ,Institute of Higher Learning
SINGAPORE INSTITUTE OF TECHNOLOGY,Ministry of Education ,Institute of Higher Learning
SINGAPORE MANAGEMENT UNIVERSITY,Ministry of Education ,Institute of Higher Learning
SINGAPORE UNIVERSITY OF TECHNOLOGY AND DESIGN,Ministry of Education ,Institute of Higher Learning
Ministry of the Environment and Water Resources ,Ministry of the Environment and Water Resources ,Enviroment and Water Resources
National Environment Agency ,Ministry of the Environment and Water Resources ,Enviroment 
Public Utilities Board ,Ministry of the Environment and Water Resources ,Water Resources
Ministry of Finance ,Ministry of Finance ,Finance
Accounting and Corporate Regulatory Authority,Ministry of Finance ,Finance
Inland Revenue Authority of Singapore ,Ministry of Finance ,Finance
TOTE Board,Ministry of Finance ,Finance
Singapore Accountancy Commission,Ministry of Finance ,Finance
Ministry of Foreign Affairs ,Ministry of Foreign Affairs ,Foreign Affairs
Ministry of Health ,Ministry of Health ,Health
Health Promotion Board,Ministry of Health ,Health
Health Sciences Authority,Ministry of Health ,Health
Singapore Dental Council,Ministry of Health ,Health
Singapore Medical Council,Ministry of Health ,Health
Singapore Nursing Board,Ministry of Health ,Health
TCM Practitioners Board,Ministry of Health ,Health
Ministry of Home Affairs ,Ministry of Home Affairs ,Home Affairs
Casino Regulatory Authority of Singapore ,Ministry of Home Affairs ,Home Affairs
Singapore Corporation of Rehabilitative Enterprises ,Ministry of Home Affairs ,Home Affairs
Ministry of Communications and Information,Ministry of Communications and Information ,Communication and Information
National Arts Council,"Ministry of Culture, Community and Youth ","Culture, Community and Youth"
National Heritage Board,"Ministry of Culture, Community and Youth ","Culture, Community and Youth"
National Library Board,Ministry of Communications and Information ,Information
Preservation Of Sites and Monuments ,"Ministry of Culture, Community and Youth ","Culture, Community and Youth"
Ministry of Law ,Ministry of Law ,Law
Intellectual Property Office of Singapore,Ministry of Law ,Law
Singapore Academy of Law ,Ministry of Law ,Law
Singapore Land Authority ,Ministry of Law ,Law
Ministry of Manpower ,Ministry of Manpower ,Manpower
Central Provident Fund Board,Ministry of Manpower ,Manpower
Singapore Labour Foundation,Ministry of Manpower ,Manpower
Workforce Singapore,Ministry of Manpower ,Manpower
Ministry of National Development ,Ministry of National Development ,National Development
Agri-Food and Veterinary Authority of Singapore,Ministry of National Development ,National Development
Board of Architects,Ministry of National Development ,National Development
Building and Construction Authority ,Ministry of National Development ,National Development
Council for Estate Agencies ,Ministry of National Development ,National Development
Housing and Development Board ,Ministry of National Development ,Housing
National Parks Board ,Ministry of National Development ,Enviroment 
"Professional Engineers Board, Singapore",Ministry of National Development ,National Development
Strata Titles Boards,Ministry of National Development ,National Development
Urban Redevelopment Authority ,Ministry of National Development ,National Development
Aljunied Town Council,Ministry of National Development ,Town Council
Ang Mo Kio Town Council,Ministry of National Development ,Town Council
Bishan-Toa Payoh Town Council,Ministry of National Development ,Town Council
East Coast Town Council,Ministry of National Development ,Town Council
Holland-Bukit Panjang Town Council,Ministry of National Development ,Town Council
Hong Kah Town Council,Ministry of National Development ,Town Council
Hougang Town Council,Ministry of National Development ,Town Council
Jalan Besar Town Council,Ministry of National Development ,Town Council
Jurong Town Council,Ministry of National Development ,Town Council
Marine Parade Town Council,Ministry of National Development ,Town Council
Pasir Ris-Punggol Town Council,Ministry of National Development ,Town Council
Potong Pasir Town Council,Ministry of National Development ,Town Council
Sembawang Town Council,Ministry of National Development ,Town Council
Tampines Town Council,Ministry of National Development ,Town Council
Tanjong Pagar Town Council,Ministry of National Development ,Town Council
West Coast-Ayer Rajah Town Council,Ministry of National Development ,Town Council
Ministry of Trade & Industry ,Ministry of Trade and Industry ,Trade and Industry
"Agency for Science, Technology and Research ",Ministry of Trade and Industry ,Trade and Industry
Competition and Consumer Comission of Singapore,Ministry of Trade and Industry ,Trade and Industry
Economic Development Board ,Ministry of Trade and Industry ,Trade and Industry
Energy Market Authority ,Ministry of Trade and Industry ,Trade and Industry
Hotels Licensing Board,Ministry of Trade and Industry ,Trade and Industry
Enterprise Singapore ,Ministry of Trade and Industry ,Trade and Industry
JTC Corporation,Ministry of Trade and Industry ,Trade and Industry
Sentosa Development Corporation ,Ministry of Trade and Industry ,Trade and Industry
Singapore Tourism Board ,Ministry of Trade and Industry ,Trade and Industry
SPRING Singapore,Ministry of Trade and Industry ,Trade and Industry
Ministry of Transport ,Ministry of Transport ,Transport
Air Accident Investigation Bureau of Singapore ,Ministry of Transport ,Transport
Civil Aviation Authority of Singapore ,Ministry of Transport ,Transport
Land Transport Authority ,Ministry of Transport ,Transport
Maritime and Port Authority of Singapore ,Ministry of Transport ,Transport
Public Transport Council ,Ministry of Transport ,Transport
Prime Minister's Office ,Prime Minister's Office ,Prime Minister's Office
Civil Service College,Prime Minister's Office ,Prime Minister's Office
Monetary Authority of Singapore,Prime Minister's Office ,Prime Minister's Office
Attorney-General's Chambers ,Organs of State,Organs of State
Auditor-General's Office ,Organs of State,Organs of State
The Cabinet ,Organs of State,Organs of State
Istana,Organs of State,Organs of State
Industrial Arbitration Court ,Organs of State,Organs of State
Judiciary,Organs of State,Organs of State
Parliament of Singapore ,Organs of State,Organs of State
Public Service Commission ,Organs of State,Organs of State
"Ministry of Culture, Community and Youth ","Ministry of Culture, Community and Youth ","Culture, Community and Youth"
Singapore Sports Council,"Ministry of Culture, Community and Youth ",Sports
SINGAPORE UNIVERSITY OF SOCIAL SCIENCES,Ministry of Education ,Institute of Higher Learning
Singapore Pharmacy Council,Ministry of Health ,Health
Land Surveyors Board,Ministry of Law ,Law
Government Technology Agency,Prime Minister's Office ,Technology
National Institute of Education,Ministry of Education ,Education
Productivity Fund Administration Board,Ministry of Finance ,Finance
Centre For Public Project Management,Ministry of Finance ,Finance
Competition Commission of Singapore,Ministry of Trade and Industry ,Trade and Industry
Council for Private Education,Ministry of Education ,Education
Duke-NUS medical school,Ministry of Education ,Education
Energy Market Authority of Singapore,Ministry of Trade and Industry ,Trade and Industry
Info-Communications Media Development Authority,Ministry of Communications and Information ,Communication and Information
International Enterprise Singapore,Ministry of Trade and Industry ,Trade and Industry
Jurong Town Corporation,Ministry of Trade and Industry ,Trade and Industry
Nanyang Technological University,Ministry of Education ,Institute of Higher Learning